,Unnamed: 0,Dutch,Sentence
0,0,gedachten,De gedachten van mijn vrienden zijn belangrijk voor me. - My friends' thoughts are important to me.
1,1,derde,De derde dag was de moeilijkste. - The third day was the most difficult.
2,2,rennen,Ik ren naar huis. - I am running home.
3,3,namen,De namen zijn John en Mary. - The names are John and Mary.
4,4,teken,Ik heb een teken gegeven. - I have given a sign.
5,5,speelt,Hij speelt voetbal. - He is playing football.
6,6,stem,Ik heb de stam van de boom gezien. - I saw the trunk of the tree.
7,7,bedrijf,Mijn bedrijf is gespecialiseerd in softwareontwikkeling. - My company specialises in software development.
8,8,moe,Ik ben moe. - I am tired.
9,9,tenzij,"Tenzij je het anders wilt, zal ik je helpen. Unless you want it differently, I will help you."
10,10,dom,"De kat is zo dom als een doos, translated as The cat is as dumb as a box."
11,11,vlucht,De vlucht was vertraagd vanwege het slechte weer. - The flight was delayed due to the bad weather.
12,12,raak,Raak mij niet aan. - Don't touch me.
13,13,relatie,Mijn relatie met mijn vriend is erg sterk. - My relationship with my boyfriend is very strong.
14,14,lachen,Ik lachte hard. - I laughed loudly.
15,15,leuke,Het is een leuke dag vandaag - It's a nice day today.
16,16,schuldig,Ik ben schuldig. - I am guilty.
17,17,negen,De kat heeft negen levens. - The cat has nine lives.
18,18,tafel,De tafel staat in de hoek. - The table is in the corner.
19,19,sneller,"""Hij loopt sneller dan ik."" - He runs faster than me."
20,20,James,James is een populaire naam. - James is a popular name.
21,21,jong,"Hij is jong, he is young."
22,22,vanwege,"Vanwege het slechte weer, hebben we besloten om binnen te blijven.
Due to the bad weather, we have decided to stay inside."
23,23,beide,Beide kinderen hebben een prijs gewonnen. - Both children have won a prize.
24,24,viel,Ik viel van mijn fiets - I fell off my bike
25,25,oog,"Het oog van de naald is erg klein.
The eye of the needle is very small."
26,26,leek,De leek had geen idee wat er aan de hand was. - The layman had no idea what was going on.
27,27,gestuurd,Ik heb de brief gestuurd. - I sent the letter.
28,28,lijn,De lijn liep langs de rivier. - The line ran along the river.
29,29,grapje,"""Het is maar een grapje!"" - It's just a joke!"
30,30,komaan,"Komaan, laten we gaan! - Come on, let's go!"
31,31,moesten,Wij moesten de kamer schoonmaken. - We had to clean the room.
32,32,daarvoor,Daarvoor betaal ik graag de extra kosten. - I am happy to pay the extra costs for that.
33,33,onderweg,Ik ben onderweg naar huis. - I am on my way home.
34,34,lijst,De lijst is erg lang. - The list is very long.
35,35,vanuit,"Vanuit deze locatie hebben we een mooi uitzicht.
From this location we have a nice view."
36,36,band,"""De band speelde een vrolijk liedje."" - The band played a cheerful song."
37,37,gelooft,Ik geloof dat het waar is. - I believe that it is true.
38,38,gemist,Ik heb je gemist. - I missed you.
39,39,sleutel,De sleutel lag onder de deurmat. - The key was under the doormat.
40,40,lag,"Ik lag op de bank te slapen. - I was lying on the couch, sleeping."
41,41,kont,"""Hij schudde zijn kont op de dansvloer."" - He shook his butt on the dance floor."
42,42,reis,De reis was erg vermoeiend. - The journey was very tiring.
43,43,arm,Hij heeft een gebroken arm. - He has a broken arm.
44,44,show,De show was geweldig. - The show was great.
45,45,vertelt,Hij vertelt me een verhaal. - He tells me a story.
46,46,groep,De groep mensen zat bij elkaar. - The group of people sat together.
47,47,belde,Hij belde me gisteren. - He called me yesterday.
48,48,zweer,Ik zweer dat ik het nooit meer zal doen. - I swear I will never do it again.
49,49,agenten,'De agenten hebben hard gewerkt om de zaak op te lossen.' - The officers worked hard to solve the case.
50,50,eer,Ik heb de eer om dit te mogen doen. - I have the honour to do this.
51,51,onmogelijk,Het is onmogelijk om de tijd te stoppen. - It is impossible to stop time.
52,52,steek,De kinderen staken de vlag in de grond. - The children stuck the flag in the ground.
53,53,hel,De hel is een plaats van lijden. - Hell is a place of suffering.
54,54,zwaar,"""Het boek was zwaar om te dragen"" - The book was heavy to carry."
55,55,tuurlijk,"Tuurlijk, ik zal er zijn. - Of course, I will be there."
56,56,bevel,Het bevel was om te stoppen met werken. - The order was to stop working.
57,57,jonge,De jonge student ging naar de bibliotheek. - The young student went to the library.
58,58,kerk,De kerk was een oude gebouw. - The church was an old building.
59,59,huwelijk,"""Het huwelijk was een prachtige ceremonie."" - The wedding was a beautiful ceremony."
60,60,delen,Delen we de kosten? - Shall we split the costs?
61,61,sla,De sla is vers en lekker. - The lettuce is fresh and tasty.
62,62,Amerikaanse,De Amerikaanse president komt morgen naar Nederland. - The American president is coming to the Netherlands tomorrow.
63,63,wedstrijd,Ik hou van competitieve sportwedstrijden. - I love competitive sports competitions.
64,64,maat,"Mijn maat is klein, My size is small."
65,65,allen,Allen zullen deze dag genieten. - Everyone will enjoy this day.
66,66,gebroken,Mijn been is gebroken. - My leg is broken.
67,67,dromen,Ik droom ervan om een reis rond de wereld te maken. - I dream of taking a trip around the world.
68,68,direct,De verkoop ging direct door. - The sale went through immediately.
69,69,luitenant,"De luitenant was de hoogste rang in de leger. 
Translation: The lieutenant was the highest rank in the army."
70,70,planeet,De aarde is de enige bewoonde planeet. - The Earth is the only inhabited planet.
71,71,vooral,"Vooral als je het druk hebt, moet je goed voor jezelf zorgen.
Translation: Especially when you're busy, you should take care of yourself."
72,72,missie,Mijn missie is om mijn doelen te bereiken. - My mission is to achieve my goals.
73,73,midden,De kat lag in het midden van de kamer. - The cat was lying in the middle of the room.
74,74,gezin,Mijn gezin is heel gelukkig. - My family is very happy.
75,75,gisteravond,Gisteravond heb ik met mijn vrienden een film gekeken. - Last night I watched a movie with my friends.
76,76,leiden,Ik leid de groep tijdens de wandeling. - I am leading the group during the walk.
77,77,dame,De dame heeft een mooi jurk aan. - The lady is wearing a beautiful dress.
78,78,bericht,Het bericht is verzonden. - The message has been sent.
79,79,angst,Mijn angst is dat ik de verkeerde keuze maak. - My fear is that I make the wrong choice.
80,80,stierf,De stierf tragisch jong. - He died tragically young.
81,81,wagen,De wagen staat voor de deur. - The car is parked outside the door.
82,82,blijkbaar,Blijkbaar heb ik het verkeerd begrepen. - Apparently I misunderstood.
83,83,kapot,Mijn auto is kapot. - My car is broken.
84,84,zoekt,Hij zoekt een nieuwe baan. - He is looking for a new job.
85,85,ziel,Mijn ziel is vervuld met liefde. - My soul is filled with love.
86,86,positie,De positie van de leraar is belangrijk. - The position of the teacher is important.
87,87,waarvoor,Waarvoor heb je deze toets gemaakt? - For what did you make this test?
88,88,respect,"""Ik heb respect voor hem."" - ""I have respect for him."""
89,89,wet,De wet staat het niet toe. - The law does not allow it.
90,90,gesprek,Het gesprek was erg interessant. - The conversation was very interesting.
91,91,verleden,De verleden week had ik een drukke agenda. - I had a busy schedule last week.
92,92,kost,De kost is hoog. - The cost is high.
93,93,links,"Links staat rechts, wat betekent ""Left is right""."
94,94,witte,De witte kat liep door de tuin. - The white cat walked through the garden.
95,95,ring,De ring glinstert in het zonlicht. - The ring is sparkling in the sunlight.
96,96,da's,Da's geweldig! That's great!
97,97,regelen,Ik heb alles geregeld. - I have arranged everything.
98,98,computer,De computer is een nuttig apparaat. - The computer is a useful device.
99,99,dronken,Ik was dronken toen ik thuiskwam. - I was drunk when I got home.
